time,open,high,low,close,Volume,CVD (Open),CVD (High,CVD (Low),CVD (Close)
2025-06-14T03:00:00+03:00,9.2775,9.2775,9.2775,9.2775,0,0,0,0,0
2025-06-15T03:00:00+03:00,9.3494,9.3494,9.3494,9.3494,0,0,0,0,0
2025-06-16T03:00:00+03:00,9.3366,9.3366,9.3366,9.3366,0,0,0,0,0
2025-06-17T03:00:00+03:00,9.2272,9.2272,9.2272,9.2272,0,0,0,0,0
2025-06-18T03:00:00+03:00,9.4168,9.4168,9.4168,9.4168,0,0,0,0,0
2025-06-19T03:00:00+03:00,9.4181,9.4181,9.4181,9.4181,0,0,0,0,0
2025-06-20T03:00:00+03:00,9.4266,9.4266,9.4266,9.4266,0,0,0,0,0
2025-06-21T03:00:00+03:00,9.5947,9.5947,9.5947,9.5947,0,0,0,0,0
2025-06-22T03:00:00+03:00,9.8019,9.8019,9.8019,9.8019,0,0,0,0,0
2025-06-23T03:00:00+03:00,9.8663,9.8663,9.8663,9.8663,0,0,0,0,0
2025-06-24T03:00:00+03:00,9.4289,9.4289,9.4289,9.4289,0,0,0,0,0
2025-06-25T03:00:00+03:00,9.4035,9.4035,9.4035,9.4035,0,0,0,0,0
2025-06-26T03:00:00+03:00,9.3454,9.3454,9.3454,9.3454,0,0,0,0,0
2025-06-27T03:00:00+03:00,9.3923,9.3923,9.3923,9.3923,0,0,0,0,0
2025-06-28T03:00:00+03:00,9.3975,9.3975,9.3975,9.3975,0,0,0,0,0
2025-06-29T03:00:00+03:00,9.3721,9.3721,9.3721,9.3721,0,0,0,0,0
2025-06-30T03:00:00+03:00,9.2719,9.2719,9.2719,9.2719,0,0,0,0,0
2025-07-01T03:00:00+03:00,9.3740,9.3740,9.3740,9.3740,0,0,0,0,0
2025-07-02T03:00:00+03:00,9.5231,9.5231,9.5231,9.5231,0,0,0,0,0
2025-07-03T03:00:00+03:00,9.2261,9.2261,9.2261,9.2261,0,0,0,0,0
2025-07-04T03:00:00+03:00,9.1888,9.1888,9.1888,9.1888,0,0,0,0,0
2025-07-05T03:00:00+03:00,9.3406,9.3406,9.3406,9.3406,0,0,0,0,0
2025-07-06T03:00:00+03:00,9.3320,9.3320,9.3320,9.3320,0,0,0,0,0
2025-07-07T03:00:00+03:00,9.2428,9.2428,9.2428,9.2428,0,0,0,0,0
2025-07-08T03:00:00+03:00,9.3142,9.3142,9.3142,9.3142,0,0,0,0,0
2025-07-09T03:00:00+03:00,9.2418,9.2418,9.2418,9.2418,0,0,0,0,0
2025-07-10T03:00:00+03:00,9.0132,9.0132,9.0132,9.0132,0,0,0,0,0
2025-07-11T03:00:00+03:00,8.6707,8.6707,8.6707,8.6707,0,0,0,0,0
2025-07-12T03:00:00+03:00,8.5750,8.5750,8.5750,8.5750,0,0,0,0,0
2025-07-13T03:00:00+03:00,8.6059,8.6059,8.6059,8.6059,0,0,0,0,0
2025-07-14T03:00:00+03:00,8.4994,8.4994,8.4994,8.4994,0,0,0,0,0
2025-07-15T03:00:00+03:00,8.4439,8.4439,8.4439,8.4439,0,0,0,0,0
2025-07-16T03:00:00+03:00,8.5430,8.5430,8.5430,8.5430,0,0,0,0,0
2025-07-17T03:00:00+03:00,8.4041,8.4041,8.4041,8.4041,0,0,0,0,0
2025-07-18T03:00:00+03:00,8.3431,8.3431,8.3431,8.3431,0,0,0,0,0
2025-07-19T03:00:00+03:00,8.4315,8.4315,8.4315,8.4315,0,0,0,0,0
2025-07-20T03:00:00+03:00,8.4549,8.4549,8.4549,8.4549,0,0,0,0,0
2025-07-21T03:00:00+03:00,8.4328,8.4328,8.4328,8.4328,0,0,0,0,0
2025-07-22T03:00:00+03:00,8.4233,8.4233,8.4233,8.4233,0,0,0,0,0
2025-07-23T03:00:00+03:00,8.3025,8.3025,8.3025,8.3025,0,0,0,0,0
2025-07-24T03:00:00+03:00,8.4199,8.4199,8.4199,8.4199,0,0,0,0,0
2025-07-25T03:00:00+03:00,8.4360,8.4360,8.4360,8.4360,0,0,0,0,0
2025-07-26T03:00:00+03:00,8.4996,8.4996,8.4996,8.4996,0,0,0,0,0
2025-07-27T03:00:00+03:00,8.4835,8.4835,8.4835,8.4835,0,0,0,0,0
2025-07-28T03:00:00+03:00,8.3730,8.3730,8.3730,8.3730,0,0,0,0,0
2025-07-29T03:00:00+03:00,8.4719,8.4719,8.4719,8.4719,0,0,0,0,0
2025-07-30T03:00:00+03:00,8.4872,8.4872,8.4872,8.4872,0,0,0,0,0
2025-07-31T03:00:00+03:00,8.4907,8.4907,8.4907,8.4907,0,0,0,0,0
2025-08-01T03:00:00+03:00,8.6494,8.6494,8.6494,8.6494,0,0,0,0,0
2025-08-02T03:00:00+03:00,8.8818,8.8818,8.8818,8.8818,0,0,0,0,0
2025-08-03T03:00:00+03:00,8.9569,8.9569,8.9569,8.9569,0,0,0,0,0
2025-08-04T03:00:00+03:00,8.8198,8.8198,8.8198,8.8198,0,0,0,0,0
2025-08-05T03:00:00+03:00,8.6802,8.6802,8.6802,8.6802,0,0,0,0,0
2025-08-06T03:00:00+03:00,8.7792,8.7792,8.7792,8.7792,0,0,0,0,0
2025-08-07T03:00:00+03:00,8.6986,8.6986,8.6986,8.6986,0,0,0,0,0
2025-08-08T03:00:00+03:00,8.4881,8.4881,8.4881,8.4881,0,0,0,0,0
2025-08-09T03:00:00+03:00,8.5079,8.5079,8.5079,8.5079,0,0,0,0,0
2025-08-10T03:00:00+03:00,8.4428,8.4428,8.4428,8.4428,0,0,0,0,0
2025-08-11T03:00:00+03:00,8.2938,8.2938,8.2938,8.2938,0,0,0,0,0
2025-08-12T03:00:00+03:00,8.3297,8.3297,8.3297,8.3297,0,0,0,0,0
2025-08-13T03:00:00+03:00,8.1313,8.1313,8.1313,8.1313,0,0,0,0,0
2025-08-14T03:00:00+03:00,7.9383,7.9383,7.9383,7.9383,0,0,0,0,0
2025-08-15T03:00:00+03:00,8.2574,8.2574,8.2574,8.2574,0,0,0,0,0
2025-08-16T03:00:00+03:00,8.4106,8.4106,8.4106,8.4106,0,0,0,0,0
2025-08-17T03:00:00+03:00,8.4255,8.4255,8.4255,8.4255,0,0,0,0,0
2025-08-18T03:00:00+03:00,8.4136,8.4136,8.4136,8.4136,0,0,0,0,0
2025-08-19T03:00:00+03:00,8.5508,8.5508,8.5508,8.5508,0,0,0,0,0
2025-08-20T03:00:00+03:00,8.8476,8.8476,8.8476,8.8476,0,0,0,0,0
2025-08-21T03:00:00+03:00,8.6678,8.6678,8.6678,8.6678,0,0,0,0,0
2025-08-22T03:00:00+03:00,8.8147,8.8147,8.8147,8.8147,0,0,0,0,0
2025-08-23T03:00:00+03:00,8.3533,8.3533,8.3533,8.3533,0,0,0,0,0
2025-08-24T03:00:00+03:00,8.4557,8.4557,8.4557,8.4557,0,0,0,0,0
2025-08-25T03:00:00+03:00,8.5597,8.5597,8.5597,8.5597,0,0,0,0,0
2025-08-26T03:00:00+03:00,8.8966,8.8966,8.8966,8.8966,0,0,0,0,0
2025-08-27T03:00:00+03:00,8.7232,8.7232,8.7232,8.7232,0,0,0,0,0
2025-08-28T03:00:00+03:00,8.7924,8.7924,8.7924,8.7924,0,0,0,0,0
2025-08-29T03:00:00+03:00,8.7275,8.7275,8.7275,8.7275,0,0,0,0,0
2025-08-30T03:00:00+03:00,9.0218,9.0218,9.0218,9.0218,0,0,0,0,0
2025-08-31T03:00:00+03:00,9.0127,9.0127,9.0127,9.0127,0,0,0,0,0
2025-09-01T03:00:00+03:00,9.0596,9.0596,9.0596,9.0596,0,0,0,0,0
2025-09-02T03:00:00+03:00,9.0341,9.0341,9.0341,9.0341,0,0,0,0,0
2025-09-03T03:00:00+03:00,8.9077,8.9077,8.9077,8.9077,0,0,0,0,0
2025-09-04T03:00:00+03:00,8.8288,8.8288,8.8288,8.8288,0,0,0,0,0
2025-09-05T03:00:00+03:00,8.9562,8.9562,8.9562,8.9562,0,0,0,0,0
2025-09-06T03:00:00+03:00,8.9661,8.9661,8.9661,8.9661,0,0,0,0,0
2025-09-07T03:00:00+03:00,9.0241,9.0241,9.0241,9.0241,0,0,0,0,0
2025-09-08T03:00:00+03:00,8.9517,8.9517,8.9517,8.9517,0,0,0,0,0
2025-09-09T03:00:00+03:00,8.8965,8.8965,8.8965,8.8965,0,0,0,0,0
2025-09-10T03:00:00+03:00,8.9269,8.9269,8.9269,8.9269,0,0,0,0,0
2025-09-11T03:00:00+03:00,8.7788,8.7788,8.7788,8.7788,0,0,0,0,0
2025-09-12T03:00:00+03:00,8.6678,8.6678,8.6678,8.6678,0,0,0,0,0
2025-09-13T03:00:00+03:00,8.5524,8.5524,8.5524,8.5524,0,0,0,0,0
2025-09-14T03:00:00+03:00,8.5975,8.5975,8.5975,8.5975,0,0,0,0,0
2025-09-15T03:00:00+03:00,8.6655,8.6655,8.6655,8.6655,0,0,0,0,0
2025-09-16T03:00:00+03:00,8.6923,8.6923,8.6923,8.6923,0,0,0,0,0
2025-09-17T03:00:00+03:00,8.6478,8.6478,8.6478,8.6478,0,0,0,0,0
2025-09-18T03:00:00+03:00,8.6338,8.6338,8.6338,8.6338,0,0,0,0,0
2025-09-19T03:00:00+03:00,8.6089,8.6089,8.6089,8.6089,0,0,0,0,0
2025-09-20T03:00:00+03:00,8.7543,8.7543,8.7543,8.7543,0,0,0,0,0
2025-09-21T03:00:00+03:00,8.7435,8.7435,8.7435,8.7435,0,0,0,0,0
2025-09-22T03:00:00+03:00,8.8010,8.8010,8.8010,8.8010,0,0,0,0,0
2025-09-23T03:00:00+03:00,9.0542,9.0542,9.0542,9.0542,0,0,0,0,0
2025-09-24T03:00:00+03:00,9.1390,9.1390,9.1390,9.1390,0,0,0,0,0
2025-09-25T03:00:00+03:00,9.0842,9.0842,9.0842,9.0842,0,0,0,0,0
2025-09-26T03:00:00+03:00,9.4926,9.4926,9.4926,9.4926,0,0,0,0,0
2025-09-27T03:00:00+03:00,9.3799,9.3799,9.3799,9.3799,0,0,0,0,0
2025-09-28T03:00:00+03:00,9.4249,9.4249,9.4249,9.4249,0,0,0,0,0
2025-09-29T03:00:00+03:00,9.2220,9.2220,9.2220,9.2220,0,0,0,0,0
2025-09-30T03:00:00+03:00,9.0623,9.0623,9.0623,9.0623,0,0,0,0,0
2025-10-01T03:00:00+03:00,9.1194,9.1194,9.1194,9.1194,0,0,0,0,0
2025-10-02T03:00:00+03:00,8.8016,8.8016,8.8016,8.8016,0,0,0,0,0
2025-10-03T03:00:00+03:00,8.6809,8.6809,8.6809,8.6809,0,0,0,0,0
2025-10-04T03:00:00+03:00,8.5894,8.5894,8.5894,8.5894,0,0,0,0,0
2025-10-05T03:00:00+03:00,8.5923,8.5923,8.5923,8.5923,0,0,0,0,0
2025-10-06T03:00:00+03:00,8.5573,8.5573,8.5573,8.5573,0,0,0,0,0
2025-10-07T03:00:00+03:00,8.4357,8.4357,8.4357,8.4357,0,0,0,0,0
2025-10-08T03:00:00+03:00,8.7049,8.7049,8.7049,8.7049,0,0,0,0,0
2025-10-09T03:00:00+03:00,8.5999,8.5999,8.5999,8.5999,0,0,0,0,0
2025-10-10T03:00:00+03:00,8.7732,8.7732,8.7732,8.7732,0,0,0,0,0
2025-10-11T03:00:00+03:00,9.4687,9.4687,9.4687,9.4687,0,0,0,0,0
2025-10-12T03:00:00+03:00,9.7075,9.7075,9.7075,9.7075,0,0,0,0,0
2025-10-13T03:00:00+03:00,9.3061,9.3061,9.3061,9.3061,0,0,0,0,0
2025-10-14T03:00:00+03:00,9.2626,9.2626,9.2626,9.2626,0,0,0,0,0
2025-10-15T03:00:00+03:00,9.4665,9.4665,9.4665,9.4665,0,0,0,0,0
2025-10-16T03:00:00+03:00,9.6923,9.6923,9.6923,9.6923,0,0,0,0,0
2025-10-17T03:00:00+03:00,9.9464,9.9464,9.9464,9.9464,0,0,0,0,0
2025-10-18T03:00:00+03:00,10.1005,10.1005,10.1005,10.1005,0,0,0,0,0
2025-10-19T03:00:00+03:00,10.0461,10.0461,10.0461,10.0461,0,0,0,0,0
2025-10-20T03:00:00+03:00,9.8998,9.8998,9.8998,9.8998,0,0,0,0,0
2025-10-21T03:00:00+03:00,9.7613,9.7613,9.7613,9.7613,0,0,0,0,0
2025-10-22T03:00:00+03:00,9.9595,9.9595,9.9595,9.9595,0,0,0,0,0
2025-10-23T03:00:00+03:00,10.0727,10.0727,10.0727,10.0727,0,0,0,0,0
2025-10-24T03:00:00+03:00,9.8844,9.8844,9.8844,9.8844,0,0,0,0,0
2025-10-25T03:00:00+03:00,9.8043,9.8043,9.8043,9.8043,0,0,0,0,0
2025-10-26T02:00:00+03:00,9.7559,9.7559,9.7559,9.7559,0,0,0,0,0
2025-10-27T02:00:00+03:00,9.4900,9.4900,9.4900,9.4900,0,0,0,0,0
2025-10-28T02:00:00+03:00,9.5326,9.5326,9.5326,9.5326,0,0,0,0,0
2025-10-29T02:00:00+03:00,9.6620,9.6620,9.6620,9.6620,0,0,0,0,0
2025-10-30T02:00:00+03:00,9.9049,9.9049,9.9049,9.9049,0,0,0,0,0
2025-10-31T02:00:00+03:00,10.0752,10.0752,10.0752,10.0752,0,0,0,0,0
2025-11-01T02:00:00+03:00,9.9572,9.9572,9.9572,9.9572,0,0,0,0,0
2025-11-02T02:00:00+03:00,9.9198,9.9198,9.9198,9.9198,0,0,0,0,0
2025-11-03T02:00:00+03:00,9.8794,9.8794,9.8794,9.8794,0,0,0,0,0
2025-11-04T02:00:00+03:00,10.2950,10.2950,10.2950,10.2950,0,0,0,0,0
2025-11-05T02:00:00+03:00,10.8242,10.8242,10.8242,10.8242,0,0,0,0,0
2025-11-06T02:00:00+03:00,10.5702,10.5702,10.5702,10.5702,0,0,0,0,0
2025-11-07T02:00:00+03:00,10.8441,10.8441,10.8441,10.8441,0,0,0,0,0
2025-11-08T02:00:00+03:00,10.6023,10.6023,10.6023,10.6023,0,0,0,0,0
2025-11-09T02:00:00+03:00,10.7130,10.7130,10.7130,10.7130,0,0,0,0,0
2025-11-10T02:00:00+03:00,10.4472,10.4472,10.4472,10.4472,0,0,0,0,0
2025-11-11T02:00:00+03:00,10.3523,10.3523,10.3523,10.3523,0,0,0,0,0
2025-11-12T02:00:00+03:00,10.6546,10.6546,10.6546,10.6546,0,0,0,0,0
2025-11-13T02:00:00+03:00,10.7984,10.7984,10.7984,10.7984,0,0,0,0,0
2025-11-14T02:00:00+03:00,10.9986,10.9986,10.9986,10.9986,0,0,0,0,0
2025-11-15T02:00:00+03:00,11.5361,11.5361,11.5361,11.5361,0,0,0,0,0
2025-11-16T02:00:00+03:00,11.4507,11.4507,11.4507,11.4507,0,0,0,0,0
2025-11-17T02:00:00+03:00,11.5892,11.5892,11.5892,11.5892,0,0,0,0,0
2025-11-18T02:00:00+03:00,11.8651,11.8651,11.8651,11.8651,0,0,0,0,0
2025-11-19T02:00:00+03:00,11.7262,11.7262,11.7262,11.7262,0,0,0,0,0
2025-11-20T02:00:00+03:00,11.9381,11.9381,11.9381,11.9381,0,0,0,0,0
2025-11-21T02:00:00+03:00,12.5730,12.5730,12.5730,12.5730,0,0,0,0,0
2025-11-22T02:00:00+03:00,12.8216,12.8216,12.8216,12.8216,0,0,0,0,0
2025-11-23T02:00:00+03:00,12.8477,12.8477,12.8477,12.8477,0,0,0,0,0
2025-11-24T02:00:00+03:00,12.5855,12.5855,12.5855,12.5855,0,0,0,0,0
2025-11-25T02:00:00+03:00,12.3160,12.3160,12.3160,12.3160,0,0,0,0,0
2025-11-26T02:00:00+03:00,12.4302,12.4302,12.4302,12.4302,0,0,0,0,0
2025-11-27T02:00:00+03:00,12.0508,12.0508,12.0508,12.0508,0,0,0,0,0
2025-11-28T02:00:00+03:00,11.9789,11.9789,11.9789,11.9789,0,0,0,0,0
2025-11-29T02:00:00+03:00,12.0090,12.0090,12.0090,12.0090,0,0,0,0,0
2025-11-30T02:00:00+03:00,12.0468,12.0468,12.0468,12.0468,0,0,0,0,0
2025-12-01T02:00:00+03:00,12.0664,12.0664,12.0664,12.0664,0,0,0,0,0
2025-12-02T02:00:00+03:00,12.6439,12.6439,12.6439,12.6439,0,0,0,0,0
2025-12-03T02:00:00+03:00,11.9773,11.9773,11.9773,11.9773,0,0,0,0,0
2025-12-04T02:00:00+03:00,11.6910,11.6910,11.6910,11.6910,0,0,0,0,0
2025-12-05T02:00:00+03:00,11.8780,11.8780,11.8780,11.8780,0,0,0,0,0
2025-12-06T02:00:00+03:00,12.2345,12.2345,12.2345,12.2345,0,0,0,0,0
2025-12-07T02:00:00+03:00,12.2413,12.2413,12.2413,12.2413,0,0,0,0,0
2025-12-08T02:00:00+03:00,12.1374,12.1374,12.1374,12.1374,0,0,0,0,0
2025-12-09T02:00:00+03:00,12.0454,12.0454,12.0454,12.0454,0,0,0,0,0
2025-12-10T02:00:00+03:00,11.7154,11.7154,11.7154,11.7154,0,0,0,0,0
2025-12-11T02:00:00+03:00,11.8060,11.8060,11.8060,11.8060,0,0,0,0,0
2025-12-12T02:00:00+03:00,11.8068,11.8068,11.8068,11.8068,0,0,0,0,0
2025-12-13T02:00:00+03:00,12.1307,12.1307,12.1307,12.1307,0,0,0,0,0
2025-12-14T02:00:00+03:00,12.1220,12.1220,12.1220,12.1220,0,0,0,0,0
2025-12-15T02:00:00+03:00,12.3682,12.3682,12.3682,12.3682,0,0,0,0,0
2025-12-16T02:00:00+03:00,12.6312,12.6312,12.6312,12.6312,0,0,0,0,0
2025-12-17T02:00:00+03:00,12.4901,12.4901,12.4901,12.4901,0,0,0,0,0
2025-12-18T02:00:00+03:00,12.7597,12.7597,12.7597,12.7597,0,0,0,0,0
2025-12-19T02:00:00+03:00,12.8379,12.8379,12.8379,12.8379,0,0,0,0,0
2025-12-20T02:00:00+03:00,12.4292,12.4292,12.4292,12.4292,0,0,0,0,0
2025-12-21T02:00:00+03:00,12.4458,12.4458,12.4458,12.4458,0,0,0,0,0
2025-12-22T02:00:00+03:00,12.3959,12.3959,12.3959,12.3959,0,0,0,0,0
2025-12-23T02:00:00+03:00,12.4050,12.4050,12.4050,12.4050,0,0,0,0,0
2025-12-24T02:00:00+03:00,12.5524,12.5524,12.5524,12.5524,0,0,0,0,0
2025-12-25T02:00:00+03:00,12.5396,12.5396,12.5396,12.5396,0,0,0,0,0
2025-12-26T02:00:00+03:00,12.6109,12.6109,12.6109,12.6109,0,0,0,0,0
2025-12-27T02:00:00+03:00,12.5850,12.5850,12.5850,12.5850,0,0,0,0,0
2025-12-28T02:00:00+03:00,12.5121,12.5121,12.5121,12.5121,0,0,0,0,0
2025-12-29T02:00:00+03:00,12.5100,12.5100,12.5100,12.5100,0,0,0,0,0
2025-12-30T02:00:00+03:00,12.5897,12.5897,12.5897,12.5897,0,0,0,0,0
2025-12-31T02:00:00+03:00,12.4568,12.4568,12.4568,12.4568,0,0,0,0,0
2026-01-01T02:00:00+03:00,12.5526,12.5526,12.5526,12.5526,0,0,0,0,0
2026-01-02T02:00:00+03:00,12.3908,12.3908,12.3908,12.3908,0,0,0,0,0
2026-01-03T02:00:00+03:00,12.1938,12.1938,12.1938,12.1938,0,0,0,0,0
2026-01-04T02:00:00+03:00,12.1244,12.1244,12.1244,12.1244,0,0,0,0,0
2026-01-05T02:00:00+03:00,12.0347,12.0347,12.0347,12.0347,0,0,0,0,0
2026-01-06T02:00:00+03:00,11.7318,11.7318,11.7318,11.7318,0,0,0,0,0
2026-01-07T02:00:00+03:00,11.7221,11.7221,11.7221,11.7221,0,0,0,0,0
2026-01-08T02:00:00+03:00,12.0272,12.0272,12.0272,12.0272,0,0,0,0,0
2026-01-09T02:00:00+03:00,12.0898,12.0898,12.0898,12.0898,0,0,0,0,0
2026-01-10T02:00:00+03:00,12.1439,12.1439,12.1439,12.1439,0,0,0,0,0
2026-01-11T02:00:00+03:00,12.1447,12.1447,12.1447,12.1447,0,0,0,0,0
2026-01-12T02:00:00+03:00,12.0835,12.0835,12.0835,12.0835,0,0,0,0,0
2026-01-13T02:00:00+03:00,12.0688,12.0688,12.0688,12.0688,0,0,0,0,0
2026-01-14T02:00:00+03:00,11.5406,11.5406,11.5406,11.5406,0,0,0,0,0
2026-01-15T02:00:00+03:00,11.3604,11.3604,11.3604,11.3604,0,0,0,0,0
2026-01-16T02:00:00+03:00,11.5125,11.5125,11.5125,11.5125,0,0,0,0,0
2026-01-17T02:00:00+03:00,11.5307,11.5307,11.5307,11.5307,0,0,0,0,0
2026-01-18T02:00:00+03:00,11.5602,11.5602,11.5602,11.5602,0,0,0,0,0
2026-01-19T02:00:00+03:00,11.6983,11.6983,11.6983,11.6983,0,0,0,0,0
2026-01-20T02:00:00+03:00,11.8783,11.8783,11.8783,11.8783,0,0,0,0,0
2026-01-21T02:00:00+03:00,12.4682,12.4682,12.4682,12.4682,0,0,0,0,0
2026-01-22T02:00:00+03:00,12.3321,12.3321,12.3321,12.3321,0,0,0,0,0
2026-01-23T02:00:00+03:00,12.3322,12.3322,12.3322,12.3322,0,0,0,0,0
2026-01-24T02:00:00+03:00,12.3308,12.3308,12.3308,12.3308,0,0,0,0,0
2026-01-25T02:00:00+03:00,12.3515,12.3515,12.3515,12.3515,0,0,0,0,0
2026-01-26T02:00:00+03:00,12.7210,12.7210,12.7210,12.7210,0,0,0,0,0
2026-01-27T02:00:00+03:00,12.4393,12.4393,12.4393,12.4393,0,0,0,0,0
2026-01-28T02:00:00+03:00,12.2817,12.2817,12.2817,12.2817,0,0,0,0,0
2026-01-29T02:00:00+03:00,12.2831,12.2831,12.2831,12.2831,0,0,0,0,0
2026-01-30T02:00:00+03:00,12.8864,12.8864,12.8864,12.8864,0,0,0,0,0
2026-01-31T02:00:00+03:00,13.0206,13.0206,13.0206,13.0206,0,0,0,0,0
2026-02-01T02:00:00+03:00,13.8720,13.8720,13.8720,13.8720,0,0,0,0,0
2026-02-02T02:00:00+03:00,14.2679,14.2679,14.2679,14.2679,0,0,0,0,0
2026-02-03T02:00:00+03:00,13.9578,13.9578,13.9578,13.9578,0,0,0,0,0
2026-02-04T02:00:00+03:00,14.4842,14.4842,14.4842,14.4842,0,0,0,0,0
2026-02-05T02:00:00+03:00,14.9386,14.9386,14.9386,14.9386,0,0,0,0,0
2026-02-06T02:00:00+03:00,17.0835,17.0835,17.0835,17.0835,0,0,0,0,0
2026-02-07T02:00:00+03:00,15.4806,15.4806,15.4806,15.4806,0,0,0,0,0
2026-02-08T02:00:00+03:00,15.6583,15.6583,15.6583,15.6583,0,0,0,0,0
2026-02-09T02:00:00+03:00,15.3463,15.3463,15.3463,15.3463,0,0,0,0,0
2026-02-10T02:00:00+03:00,15.4277,15.4277,15.4277,15.4277,0,0,0,0,0
2026-02-11T02:00:00+03:00,15.7350,15.7350,15.7350,15.7350,0,0,0,0,0
2026-02-12T02:00:00+03:00,16.1172,16.1172,16.1172,16.1172,0,0,0,0,0
2026-02-13T02:00:00+03:00,16.2454,16.2454,16.2454,16.2454,0,0,0,0,0
2026-02-14T02:00:00+03:00,15.6435,15.6435,15.6435,15.6435,0,0,0,0,0
2026-02-15T02:00:00+03:00,15.4409,15.4409,15.4409,15.4409,0,0,0,0,0
2026-02-16T02:00:00+03:00,15.7509,15.7509,15.7509,15.7509,0,0,0,0,0
2026-02-17T02:00:00+03:00,15.6772,15.6772,15.6772,15.6772,0,0,0,0,0
2026-02-18T02:00:00+03:00,15.9362,15.9362,15.9362,15.9362,0,0,0,0,0
2026-02-19T02:00:00+03:00,16.1744,16.1744,16.1744,16.1744,0,0,0,0,0
2026-02-20T02:00:00+03:00,16.0842,16.0842,16.0842,16.0842,0,0,0,0,0
2026-02-21T02:00:00+03:00,15.8777,15.8777,15.8777,15.8777,0,0,0,0,0
2026-02-22T02:00:00+03:00,15.8676,15.8676,15.8676,15.8676,0,0,0,0,0
2026-02-23T02:00:00+03:00,15.9582,15.9582,15.9582,15.9582,0,0,0,0,0
2026-02-24T02:00:00+03:00,16.6278,16.6278,16.6278,16.6278,0,0,0,0,0
2026-02-25T02:00:00+03:00,16.7328,16.7328,16.7328,16.7328,0,0,0,0,0
2026-02-26T02:00:00+03:00,15.7900,15.7900,15.7900,15.7900,0,0,0,0,0
2026-02-27T02:00:00+03:00,15.8910,15.8910,15.8910,15.8910,0,0,0,0,0
2026-02-28T02:00:00+03:00,16.2812,16.2812,16.2812,16.2812,0,0,0,0,0
2026-03-01T02:00:00+03:00,16.0422,16.0422,16.0422,16.0422,0,0,0,0,0
2026-03-02T02:00:00+03:00,16.3155,16.3155,16.3155,16.3155,0,0,0,0,0
2026-03-03T02:00:00+03:00,15.6395,15.6395,15.6395,15.6395,0,0,0,0,0
2026-03-04T02:00:00+03:00,15.7863,15.7863,15.7863,15.7863,0,0,0,0,0
2026-03-05T02:00:00+03:00,14.9296,14.9296,14.9296,14.9296,0,0,0,0,0
2026-03-06T02:00:00+03:00,15.2883,15.2883,15.2883,15.2883,0,0,0,0,0
2026-03-07T02:00:00+03:00,15.8359,15.8359,15.8359,15.8359,0,0,0,0,0
2026-03-08T02:00:00+03:00,16.0198,16.0198,16.0198,16.0198,0,0,0,0,0
2026-03-09T02:00:00+03:00,16.2643,16.2643,16.2643,16.2643,0,0,0,0,0
2026-03-10T02:00:00+03:00,15.7686,15.7686,15.7686,15.7686,0,0,0,0,0
2026-03-11T02:00:00+03:00,15.4874,15.4874,15.4874,15.4874,0,0,0,0,0
2026-03-12T02:00:00+03:00,15.4085,15.4085,15.4085,15.4085,0,0,0,0,0
2026-03-13T02:00:00+03:00,15.3328,15.3328,15.3328,15.3328,0,0,0,0,0
2026-03-14T02:00:00+03:00,15.2571,15.2571,15.2571,15.2571,0,0,0,0,0
2026-03-15T02:00:00+03:00,15.2089,15.2089,15.2089,15.2089,0,0,0,0,0
2026-03-16T02:00:00+03:00,14.9000,14.9000,14.9000,14.9000,0,0,0,0,0
2026-03-17T02:00:00+03:00,14.4158,14.4158,14.4158,14.4158,0,0,0,0,0
2026-03-18T02:00:00+03:00,14.5786,14.5786,14.5786,14.5786,0,0,0,0,0
2026-03-19T02:00:00+03:00,15.1014,15.1014,15.1014,15.1014,0,0,0,0,0
2026-03-20T02:00:00+03:00,15.4001,15.4001,15.4001,15.4001,0,0,0,0,0
2026-03-21T02:00:00+03:00,15.2741,15.2741,15.2741,15.2741,0,0,0,0,0
2026-03-22T02:00:00+03:00,15.5887,15.5887,15.5887,15.5887,0,0,0,0,0
2026-03-23T02:00:00+03:00,15.8334,15.8334,15.8334,15.8334,0,0,0,0,0
2026-03-24T02:00:00+03:00,15.2170,15.2170,15.2170,15.2170,0,0,0,0,0
2026-03-25T02:00:00+03:00,15.2707,15.2707,15.2707,15.2707,0,0,0,0,0
2026-03-26T02:00:00+03:00,15.1291,15.1291,15.1291,15.1291,0,0,0,0,0
2026-03-27T03:00:00+03:00,15.6603,15.6603,15.6603,15.6603,0,0,0,0,0
2026-03-28T03:00:00+03:00,16.1783,16.1783,16.1783,16.1783,0,0,0,0,0
2026-03-29T03:00:00+03:00,16.1684,16.1684,16.1684,16.1684,0,0,0,0,0
2026-03-30T03:00:00+03:00,16.2429,16.2429,16.2429,16.2429,0,0,0,0,0
2026-03-31T03:00:00+03:00,16.0640,16.0640,16.0640,16.0640,0,0,0,0,0
2026-04-01T03:00:00+03:00,15.7071,15.7071,15.7071,15.7071,0,0,0,0,0
2026-04-02T03:00:00+03:00,15.7048,15.7048,15.7048,15.7048,0,0,0,0,0
2026-04-03T03:00:00+03:00,15.9968,15.9968,15.9968,15.9968,0,0,0,0,0
2026-04-04T03:00:00+03:00,15.9930,15.9930,15.9930,15.9930,0,0,0,0,0
2026-04-05T03:00:00+03:00,15.9149,15.9149,15.9149,15.9149,0,0,0,0,0
2026-04-06T03:00:00+03:00,15.5672,15.5672,15.5672,15.5672,0,0,0,0,0
2026-04-07T03:00:00+03:00,15.5900,15.5900,15.5900,15.5900,0,0,0,0,0
2026-04-08T03:00:00+03:00,14.9534,14.9534,14.9534,14.9534,0,0,0,0,0
2026-04-09T03:00:00+03:00,15.1329,15.1329,15.1329,15.1329,0,0,0,0,0
2026-04-10T03:00:00+03:00,15.0280,15.0280,15.0280,15.0280,0,0,0,0,0
2026-04-11T03:00:00+03:00,14.8017,14.8017,14.8017,14.8017,0,0,0,0,0
2026-04-12T03:00:00+03:00,14.7469,14.7469,14.7469,14.7469,0,0,0,0,0
2026-04-13T03:00:00+03:00,15.2127,15.2127,15.2127,15.2127,0,0,0,0,0
2026-04-14T03:00:00+03:00,14.4794,14.4794,14.4794,14.4794,0,0,0,0,0
2026-04-15T03:00:00+03:00,14.6331,14.6331,14.6331,14.6331,0,0,0,0,0
2026-04-16T03:00:00+03:00,14.5034,14.5034,14.5034,14.5034,0,0,0,0,0
2026-04-17T03:00:00+03:00,14.4872,14.4872,14.4872,14.4872,0,0,0,0,0
2026-04-18T03:00:00+03:00,14.1410,14.1410,14.1410,14.1410,0,0,0,0,0
2026-04-19T03:00:00+03:00,14.4570,14.4570,14.4570,14.4570,0,0,0,0,0
2026-04-20T03:00:00+03:00,14.8551,14.8551,14.8551,14.8551,0,0,0,0,0
2026-04-21T03:00:00+03:00,14.5596,14.5596,14.5596,14.5596,0,0,0,0,0
2026-04-22T03:00:00+03:00,14.4775,14.4775,14.4775,14.4775,0,0,0,0,0
2026-04-23T03:00:00+03:00,14.2062,14.2062,14.2062,14.2062,0,0,0,0,0
2026-04-24T03:00:00+03:00,14.2630,14.2630,14.2630,14.2630,0,0,0,0,0
2026-04-25T03:00:00+03:00,14.4503,14.4503,14.4503,14.4503,0,0,0,0,0
2026-04-26T03:00:00+03:00,14.4323,14.4323,14.4323,14.4323,0,0,0,0,0
2026-04-27T03:00:00+03:00,14.2369,14.2369,14.2369,14.2369,0,0,0,0,0
2026-04-28T03:00:00+03:00,14.4733,14.4733,14.4733,14.4733,0,0,0,0,0
2026-04-29T03:00:00+03:00,14.6310,14.6310,14.6310,14.6310,0,0,0,0,0
2026-04-30T03:00:00+03:00,14.7354,14.7354,14.7354,14.7354,0,0,0,0,0
2026-05-01T03:00:00+03:00,14.6504,14.6504,14.6504,14.6504,0,0,0,0,0
2026-05-02T03:00:00+03:00,14.3565,14.3565,14.3565,14.3565,0,0,0,0,0
2026-05-03T03:00:00+03:00,14.2702,14.2702,14.2702,14.2702,0,0,0,0,0
2026-05-04T03:00:00+03:00,14.2733,14.2733,14.2733,14.2733,0,0,0,0,0
2026-05-05T03:00:00+03:00,14.0832,14.0832,14.0832,14.0832,0,0,0,0,0
2026-05-06T03:00:00+03:00,13.9188,13.9188,13.9188,13.9188,0,0,0,0,0
2026-05-07T03:00:00+03:00,13.8618,13.8618,13.8618,13.8618,0,0,0,0,0
2026-05-08T03:00:00+03:00,14.1029,14.1029,14.1029,14.1029,0,0,0,0,0
2026-05-09T03:00:00+03:00,14.0742,14.0742,14.0742,14.0742,0,0,0,0,0
2026-05-10T03:00:00+03:00,13.9862,13.9862,13.9862,13.9862,0,0,0,0,0
2026-05-11T03:00:00+03:00,13.7609,13.7609,13.7609,13.7609,0,0,0,0,0
2026-05-12T03:00:00+03:00,13.8439,13.8439,13.8439,13.8439,0,0,0,0,0
2026-05-13T03:00:00+03:00,14.0616,14.0616,14.0616,14.0616,0,0,0,0,0
2026-05-14T03:00:00+03:00,14.2393,14.2393,14.2393,14.2393,0,0,0,0,0
2026-05-15T03:00:00+03:00,13.9812,13.9812,13.9812,13.9812,0,0,0,0,0
2026-05-16T03:00:00+03:00,14.2960,14.2960,14.2960,14.2960,0,0,0,0,0
2026-05-17T03:00:00+03:00,14.4663,14.4663,14.4663,14.4663,0,0,0,0,0
2026-05-18T03:00:00+03:00,14.6416,14.6416,14.6416,14.6416,0,0,0,0,0
2026-05-19T03:00:00+03:00,14.6816,14.6816,14.6816,14.6816,0,0,0,0,0
2026-05-20T03:00:00+03:00,14.7138,14.7138,14.7138,14.7138,0,0,0,0,0
2026-05-21T03:00:00+03:00,14.6033,14.6033,14.6033,14.6033,0,0,0,0,0
2026-05-22T03:00:00+03:00,14.5761,14.5761,14.5761,14.5761,0,0,0,0,0
2026-05-23T03:00:00+03:00,14.9532,14.9532,14.9532,14.9532,0,0,0,0,0
2026-05-24T03:00:00+03:00,14.7135,14.7135,14.7135,14.7135,0,0,0,0,0
2026-05-25T03:00:00+03:00,14.6852,14.6852,14.6852,14.6852,0,0,0,0,0
2026-05-26T03:00:00+03:00,14.6311,14.6311,14.6311,14.6311,0,0,0,0,0
2026-05-27T03:00:00+03:00,14.8772,14.8772,14.8772,14.8772,0,0,0,0,0
2026-05-28T03:00:00+03:00,15.1489,15.1489,15.1489,15.1489,0,0,0,0,0
2026-05-29T03:00:00+03:00,15.2917,15.2917,15.2917,15.2917,0,0,0,0,0
2026-05-30T03:00:00+03:00,15.3109,15.3109,15.3109,15.3109,0,0,0,0,0
2026-05-31T03:00:00+03:00,15.1631,15.1631,15.1631,15.1631,0,0,0,0,0
2026-06-01T03:00:00+03:00,15.2017,15.2017,15.2017,15.2017,0,0,0,0,0
2026-06-02T03:00:00+03:00,15.5439,15.5439,15.5439,15.5439,0,0,0,0,0
2026-06-03T03:00:00+03:00,16.5490,16.5490,16.5490,16.5490,0,0,0,0,0
2026-06-04T03:00:00+03:00,17.1071,17.1071,17.1071,17.1071,0,0,0,0,0
2026-06-05T03:00:00+03:00,17.1727,17.1727,17.1727,17.1727,0,0,0,0,0
2026-06-06T03:00:00+03:00,18.0337,18.0337,18.0337,18.0337,0,0,0,0,0
2026-06-07T03:00:00+03:00,18.0128,18.0128,18.0128,18.0128,0,0,0,0,0
2026-06-08T03:00:00+03:00,17.3473,17.3473,17.3473,17.3473,0,0,0,0,0
2026-06-09T03:00:00+03:00,17.3840,17.3840,17.3840,17.3840,0,0,0,0,0
2026-06-10T03:00:00+03:00,17.7417,17.7417,17.7417,17.7417,0,0,0,0,0
2026-06-11T03:00:00+03:00,17.8011,17.8011,17.8011,17.8011,0,0,0,0,0
2026-06-12T03:00:00+03:00,17.2839,17.2839,17.2839,17.2839,0,0,0,0,0
2026-06-13T03:00:00+03:00,17.3013,17.3013,17.3013,17.3013,0,0,0,0,0
2026-06-14T03:00:00+03:00,17.0557,17.0557,17.0557,17.0557,0,0,0,0,0